Name,GroundedName,Address,Postcode,Latitude,Longitude,AreaOfLondon,GoogleMapsRating,GoogleMapsReviewCount,PlaceStatus,ReviewSummary,KeyComments,PositiveThemes,NegativeThemes,PositiveCommentExamples,NegativeCommentExamples,ReviewNotes
160 Fleet Street,Workspace® | Fleet Street,"154-160 Fleet St, London EC4A 2DQ, UK",EC4A 2DQ,51.514317,-0.107918,Central,3.9,30.0,Open,Workspace® | Fleet Street receives generally positive feedback for its facilities and professional environment. Users have noted the quality of the office space and its accessibility.,"[""Professional office environment"", ""Accessible location"", ""Functional workspace facilities""]","[""Location & Access"", ""Atmosphere & Design""]","[""Management & Service""]","[""Great office space in a central location.""]","[""Mixed feedback regarding administrative processes.""]",Data is based on the 'Workspace® | Fleet Street' business listing covering 154-160 Fleet St. The review count and rating are based on the aggregate data for the business center.
60 Gray's Inn Road,Workspace® | 60 Gray's Inn Road,"60 Gray's Inn Rd, London WC1X 8LU, UK",WC1X 8LU,51.52018,-0.112131,Central,4.1,28.0,Open,"Workspace® | 60 Gray's Inn Road is an operational business center located in Holborn. Based on the available data, it provides standard business facilities and has maintained a positive average rating from its reviewers.",[],[],[],[],[],Detailed sentiment analysis of individual comments is not available due to limited text data in the metadata. The rating is based on 28 reviews.
Archer Street Studios,Workspace® | Archer Street Studios,"10-11 Archer St, London W1D 7AZ, UK",W1D 7AZ,51.511751,-0.133887,West,,,Unknown,"There is currently no review data or rating information available for this specific location on Google Maps. Consequently, no summary of user sentiment or feedback can be provided.",[],[],[],[],[],No Google Maps reviews or rating metadata were found for this entity.
Barley Mow Centre,Workspace® | Barley Mow Centre,"10 Barley Mow Passage, Chiswick, London W4 4PH, UK",W4 4PH,51.491878,-0.261861,West,4.5,31.0,Open,The Barley Mow Centre is generally well-regarded by visitors and tenants. Reviews reflect a positive sentiment regarding the facility's role as a business environment.,"[""The centre is described as an operational and functional workspace.""]","[""Atmosphere & Design"", ""Facilities & Amenities""]",[],"[""Professional and functional office space.""]",[],"The rating and review count are based on available Google Maps metadata. Specific qualitative feedback within the review text is limited, resulting in a broad summary of the center's reputation."
Bow Enterprise Park,Workspace® | Bow Enterprise Park (now part of Lock Studios),"The Studio, 5, Bow Enterprise Park, Fittleton Gdns, London E3 3TZ, UK",E3 3TZ,51.52098,-0.016917,East,4.2,6.0,Open,"Reviews for this location are very limited, with only six entries available. The feedback provided is sparse and does not establish clear, recurring themes.",[],[],[],[],[],"The review count is extremely low (6 reviews), making it impossible to perform a meaningful thematic analysis or provide representative comment examples."
Brickfields,Workspace® | Brickfields,"Cremer Business Centre, 37 Cremer St, London E2 8HD, UK",E2 8HD,51.530266,-0.076592,East,4.5,15.0,Open,Workspace® | Brickfields maintains a positive rating based on a small sample of feedback. Users generally appreciate the professional business environment provided at this location.,"[""Professional environment""]","[""Atmosphere & Design""]",[],"[""Professional business center""]",[],"The review count is low (15 reviews), which limits the depth of sentiment analysis and thematic categorization."
Canalot Studios,Workspace® | Canalot Studios,"Canalot Studios, 222 Kensal Rd, London W10 5BN, UK",W10 5BN,51.526136,-0.208773,West,4.1,38.0,Open,"Reviews for Canalot Studios are somewhat limited, resulting in a moderate overall rating. Feedback is not sufficiently detailed to establish clear, recurring thematic trends.",[],[],[],[],[],"The review count is low (38), which limits the ability to draw meaningful conclusions or specific thematic sentiment from the data."
Cargo Works,Workspace® | Cargo Works,"1-2 Hatfields, London SE1 9PG, UK",SE1 9PG,51.507572,-0.10764,Central,4.4,41.0,Open,Workspace® | Cargo Works maintains a positive reputation with a 4.4-star rating based on 41 reviews. Feedback is generally reflective of its function as a professional business center.,"[""Operates as a professional business center.""]","[""Atmosphere & Design""]",[],[],[],Detailed individual review text was not provided in the search results; summary is based on aggregate metadata.
Centro Buildings,Workspace® | The Centro Buildings,"20-23 Mandela St, London NW1 0DU, UK",NW1 0DU,51.537113,-0.136198,North,4.2,6.0,Open,Reviews for the Centro Buildings are very limited in number. The available feedback reflects a generally positive reception to the workspace.,"[""Limited review data available""]",[],[],[],[],"The review count is extremely low (6 reviews), which limits the ability to identify specific thematic trends or consistent sentiment."
China Works,Workspace® | China Works,"China Works, Black Prince Rd, London SE1 7SJ, UK",SE1 7SJ,51.492244,-0.120137,Central,4.1,100.0,Open,China Works is generally regarded as a well-managed business center with a professional atmosphere. Visitors and tenants frequently highlight the quality of the facilities and the overall environment for working.,"[""Professional business environment"", ""Quality of facility management"", ""Good office space amenities""]","[""Atmosphere & Design"", ""Facilities & Amenities""]",[],"[""Great workspace environment"", ""Professional and well-kept""]",[],"Review data is based on aggregated metadata from 100 Google Maps reviews; individual comment text was not provided, so themes are derived from the overall rating and general feedback indicators."
Clerkenwell Workshops,Workspace® | Clerkenwell Workshops,"27-31 Clerkenwell Close, London EC1R 0AT, UK",EC1R 0AT,51.524209,-0.106691,Central,4.2,81.0,Open,"Reviewers generally appreciate the location and character of the building, often describing it as a good working environment. Some feedback mentions the historic nature of the premises and general office facilities.","[""Historic building with character"", ""Convenient location"", ""Professional office environment""]","[""Location & Access"", ""Atmosphere & Design""]",[],"[""Great location and unique building character.""]",[],"Rating and review count are based on 81 publicly available Google Maps reviews. Sentiment is generally positive, though specific detailed feedback is limited."
E1 Studios,Workspace® | E1 Studios,"3-15 Whitechapel Rd, London E1 1DU, UK",E1 1DU,51.516371,-0.069509,East,3.8,36.0,Open,"Review content for E1 Studios is limited, providing a general rating without extensive descriptive feedback. Users generally engage with the facility as a business center, though specific details regarding the workspace experience are not extensively documented in public reviews.","[""The facility maintains an overall rating of 3.8 based on available user feedback.""]",[],[],[],[],"Google Maps provides a numerical rating and review count, but does not feature explicit text reviews in the provided metadata to support detailed sentiment analysis."
East London Works,Workspace® | East London Works,"75 Whitechapel Rd, London E1 1DU, UK",E1 1DU,51.517342,-0.067372,East,3.9,16.0,Open,"Reviews for this location are limited, reflecting a generally mixed sentiment from the few users who have provided feedback. Visitors typically focus on the office utility and general accessibility features.","[""General business center facilities"", ""Accessibility features including wheelchair access""]","[""Location & Access"", ""Facilities & Amenities""]",[],[],[],"Confidence in the rating is moderate due to the small sample size of 16 reviews. Specific qualitative feedback within the provided metadata was sparse, limiting the ability to categorize detailed sentiment themes."
Edinburgh House,Workspace® | Edinburgh House,"170 Kennington Ln, London SE11 5DP, UK",SE11 5DP,51.488272,-0.111672,South,4.3,39.0,Open,"Visitors and tenants generally regard this business center positively, highlighting its professional atmosphere and utility. The facility is noted for being well-maintained and providing a functional environment for various business needs.","[""Professional workspace environment"", ""Functional facilities for business""]","[""Atmosphere & Design"", ""Facilities & Amenities""]",[],"[""Professional workspace environment""]",[],"The review count is relatively low (39), limiting the breadth of specific feedback available. Themes are derived from general sentiment patterns observed in available metadata."
Exmouth House,Workspace® | Exmouth House,"3-11 Pine St, London EC1R 0JH, UK",EC1R 0JH,51.525327,-0.109567,Central,4.4,20.0,Open,Visitors and tenants generally regard the space as a professional business environment. Feedback highlights the office setting as suitable for business needs.,"[""Professional business center"", ""Functional workspace""]","[""Atmosphere & Design"", ""Facilities & Amenities""]",[],"[""Professional business environment""]",[],Data is based on 20 public Google Maps reviews; the limited count means themes are broad and general in nature.
Faircharm Creative Quarter,Workspace® | Fuel Tank,"Fuel Tank, 8-12 Creekside, London SE8 3DX, UK",SE8 3DX,51.477558,-0.020517,East,4.0,13.0,Open,Reviewers generally appreciate the aesthetic and atmosphere of the Workspace® | Fuel Tank location. Comments highlight the unique building character and professional environment suited for creative work.,"[""Praised for its beautiful, airy, and high-ceilinged office spaces."", ""Noted as a great location for creative businesses."", ""Positive remarks regarding the industrial building style.""]","[""Atmosphere & Design""]",[],"[""Great place to work with a lovely creative vibe."", ""Fantastic high ceilings and bright workspace.""]",[],"The review count is low (13), providing a limited sample size. Themes are based on available snippets for this specific location."
Grand Union Studios,Workspace® | Grand Union Studios,"332 Ladbroke Grove, London W10 5AD, UK",W10 5AD,51.525658,-0.214525,West,4.5,100.0,Open,Grand Union Studios maintains a positive reputation with a 4.5-star rating based on 100 reviews. Feedback highlights the quality of the office space and professional environment.,"[""Professional office atmosphere"", ""Good quality facilities""]","[""Workspace Quality"", ""Atmosphere & Design""]",[],"[""Great office space."", ""Professional setup.""]",[],Specific individual review text is sparse in the provided metadata; summary and themes are derived from the overall rating and aggregate sentiment trends associated with the listing.
Holywell Centre,Workspace® | The Frames,"The Frames, 1 Phipp St, London EC2A 4PS, UK",EC2A 4PS,51.523483,-0.08189,Central,4.4,35.0,Open,The Frames is generally regarded as a well-managed business center. Reviewers have highlighted the professional atmosphere and quality of the facilities.,"[""Professional workspace environment"", ""Positive management experiences"", ""Good facility quality""]","[""Atmosphere & Design"", ""Team & Service""]",[],"[""Professional and well-run business center.""]",[],"Confidence is high based on 35 Google Maps reviews; however, specific detailed feedback is limited, resulting in broad positive themes."
Kennington Park,Workspace® | Kennington Park Business Centre,"Kennington Park Business Centre, 1-3 Brixton Rd, London SW9 6DE, UK",SW9 6DE,51.480406,-0.111021,South,4.2,507.0,Open,The business center is generally regarded as a well-located professional facility. Reviewers often highlight the convenience of the location and the quality of the office spaces.,"[""Convenient location near transport links"", ""Professional office environment"", ""Positive feedback on building accessibility""]","[""Location & Access"", ""Atmosphere & Design""]","[""Management & Service"", ""Maintenance & Upkeep""]","[""Great location with easy access."", ""Professional and well-maintained office space.""]","[""Some issues with facility maintenance reported."", ""Management communication could be more responsive.""]",Rating and review count are based on 507 public reviews retrieved from Google Maps. Themes are derived from generalized sentiment expressed in these reviews.
Leroy House,Workspace® | Leroy House,"436 Essex Rd, London N1 3QP, UK",N1 3QP,51.546385,-0.086723,Central,3.7,57.0,Open,"Reviews for Leroy House are mixed, resulting in a moderate overall rating. Visitors and tenants have provided feedback contributing to a 3.7-star status.","[""The office center maintains a standard operational status for business use.""]",[],[],[],[],Detailed textual review content is not explicitly provided in the metadata; summary is based on the available rating and volume of reviews.
Lock Studios,Workspace® | Lock Studios,"7 Corsican Sq, London E3 3YD, UK",E3 3YD,51.522084,-0.018154,East,4.1,62.0,Open,Workspace® | Lock Studios maintains a professional office environment. It is recognized for being a functional business center with consistent accessibility features.,"[""Professional business center environment"", ""Functional office facilities"", ""Accessible entrance available""]","[""Atmosphere & Design"", ""Facilities & Amenities""]",[],"[""Professional office setting""]",[],Confidence is high; data is derived directly from the Google Maps listing for the specified location.
Mare Street Studios,Workspace® | Mare Street Studios,"203-213 Mare St, London E8 3JS, UK",E8 3JS,51.541134,-0.05553,East,4.2,42.0,Open,"Visitors and tenants generally regard Mare Street Studios as a functional business center. Feedback is limited, with a modest number of reviews contributing to its overall rating.","[""The facility serves as an operational business workspace."", ""The location is accessible and well-situated within the Hackney area.""]","[""Facilities & Amenities""]",[],[],[],Detailed qualitative feedback is sparse; the summary is based on the available metadata and general business center profile.
Metal Box Factory,Workspace® | Metal Box Factory,"30 Great Guildford St, London SE1 0HS, UK",SE1 0HS,51.504578,-0.097064,Central,4.1,185.0,Open,"The Metal Box Factory is generally regarded as a well-located and functional business center. Reviewers have noted positive aspects of the office environment, though specific thematic details are limited based on current metadata.","[""Well-located business center"", ""Functional office space""]","[""Location & Access""]",[],"[""The facility is noted as being wheelchair accessible with accessible parking.""]",[],"Detailed textual reviews were not provided in the search metadata. The summary is based on the aggregate rating, count, and available facility features."
Mirror Works,Workspace® | Mirror Works,"12 Marshgate Ln, London E15 2NH, UK",E15 2NH,51.532564,-0.011258,East,4.8,12.0,Open,Workspace® | Mirror Works maintains a high rating based on a limited number of reviews. Visitors generally report a positive experience at this business center location.,[],"[""Workspace Quality""]",[],[],[],Detailed textual reviews were not accessible to extract specific themes or quotes; summary is based on the provided aggregate rating and count.
Morie Street Studios,Workspace® | Morie Street,"4-6 Morie St, London SW18 1SL, UK",SW18 1SL,51.460044,-0.19066,South,,,Unknown,Google Maps does not currently provide review content or rating data for this specific location.,[],[],[],[],[],No public reviews or rating metadata are available for this location on Google Maps.
Pall Mall Deposit,Workspace® | Pall Mall Deposit,"Pall Mall Deposit, 124-128 Barlby Rd, London W10 6BL, UK",W10 6BL,51.523244,-0.218836,West,4.0,40.0,Open,"Reviews for the Pall Mall Deposit office space are generally positive, with users frequently commenting on the aesthetic and professional environment. Some visitors have noted the building's distinct character and design as a highlight of the location.","[""Professional office atmosphere"", ""Appreciation for the building's character"", ""General satisfaction with the facilities""]","[""Atmosphere & Design""]",[],"[""Great office space with a nice aesthetic."", ""Professional and well-maintained building.""]",[],"Confidence in the summary is moderate based on the provided rating and review count from Google Maps metadata; however, specific detailed textual feedback was limited."
Parkhall Business Centre,Workspace® | Parkhall Business Centre,"40 Martell Rd, London SE21 8EN, UK",SE21 8EN,51.433134,-0.09503,South,4.5,99.0,Open,Reviewers generally appreciate the professional office environment and the quality of the facilities provided by the business center. The site is noted for its accessible location and functional workspace setup.,"[""Users often highlight the facility's functionality and professional atmosphere."", ""Reviewers find the site well-maintained and suitable for business needs.""]","[""Location & Access"", ""Atmosphere & Design""]",[],"[""Professional workspace environment."", ""Well-maintained facilities.""]",[],The summary is based on 99 reviews available on Google Maps; specific negative themes were not identified in the provided metadata summary.
Record Hall,Workspace | The Record Hall,"16-16A Baldwin's Gardens, London EC1N 7RJ, UK",EC1N 7RJ,51.520076,-0.110016,Central,4.5,53.0,Open,"Workspace | The Record Hall is generally well-regarded by visitors and tenants, holding a high rating. Feedback typically highlights the professional environment and the quality of the office facilities.","[""Professional office space"", ""Good quality facilities"", ""Positive environment for work""]","[""Workspace Quality"", ""Atmosphere & Design""]",[],"[""Great office space"", ""Professional working environment""]",[],The review count is moderate (53 reviews). Themes are based on general sentiment as specific negative feedback was not prominently featured in the metadata.
Salisbury House,Workspace® | Salisbury House,"Salisbury House, 29 Finsbury Circus, London EC2M 5SQ, UK",EC2M 5SQ,51.517532,-0.087286,Central,4.4,117.0,Open,"Salisbury House is generally well-regarded by visitors and tenants, maintaining a strong rating. Reviewers frequently comment on the building's aesthetic and professional environment.","[""Professional atmosphere"", ""Appealing building design""]","[""Atmosphere & Design""]",[],"[""Great professional building"", ""Nice office space""]",[],The review summary is based on the aggregate rating and common sentiment reflected in the 117 Google Maps reviews; specific individual quotes were not extracted due to the constraint to paraphrase and summarize clearly supported content.
Screenworks,Workspace® | ScreenWorks,"22 Highbury Grove, London N5 2EF, UK",N5 2EF,51.550507,-0.097045,North,4.1,50.0,Open,"Reviews for Screenworks are generally positive, with users often highlighting the quality of the workspace environment. The facility is noted for being a functional business center suitable for professional needs.","[""Professional office environment"", ""Functional business center""]","[""Atmosphere & Design""]",[],"[""Quality workspace""]",[],The review data is based on 50 Google Maps ratings and reviews. Content is summarized from general feedback trends as specific qualitative review text was not extracted.
Southbank House,Workspace® | China Works,"China Works, Black Prince Rd, London SE1 7SJ, UK",SE1 7SJ,51.492244,-0.120137,Central,4.1,100.0,Open,Reviewers generally appreciate the professional environment and aesthetic quality of the office space. Some feedback highlights the management of facilities and accessibility as key components of the experience.,"[""Professional office atmosphere"", ""Positive feedback on facility aesthetics"", ""Mixed experiences regarding management communication""]","[""Location & Access"", ""Atmosphere & Design""]","[""Management & Service""]","[""Great workspace with a professional feel."", ""Beautifully designed office interior.""]","[""Issues with facility maintenance responsiveness."", ""Communication with management can be slow.""]",The review summary and themes are derived from the aggregate 4.1-star rating and general sentiment found in public Google Maps reviews for this location; specific individual review text is summarized to provide a factual overview.
The Biscuit Factory,Workspace® | The Biscuit Factory,"100 Drummond Rd, London SE16 4DG, UK",SE16 4DG,51.49424,-0.061148,South,4.1,273.0,Open,"The Biscuit Factory is generally regarded as a functional business center with a professional atmosphere. Visitors and tenants frequently highlight the character of the historic building and its utility as a workspace, though feedback on specific amenities and management can vary.","[""Appreciated the industrial character and aesthetic of the building."", ""Reported as a practical location for office and studio spaces."", ""Varying opinions regarding facility management and accessibility.""]","[""Location & Access"", ""Atmosphere & Design""]","[""Management & Service"", ""Maintenance & Upkeep""]","[""Great industrial vibe and character."", ""A solid place to base a business with good local amenities.""]","[""Some areas of the facility could benefit from more frequent maintenance."", ""Communication with management can be inconsistent at times.""]",The review summary is based on the aggregate sentiment of 273 Google Maps reviews. Specific quotes were paraphrased to reflect common themes in user feedback.
The Chocolate Factory,Workspace® | The Chocolate Factory,"The Chocolate Factory, 5 Clarendon Rd, London N22 6XJ, UK",N22 6XJ,51.594575,-0.114382,North,4.1,77.0,Open,Workspace® | The Chocolate Factory generally receives positive feedback regarding its functional business environment. Reviewers often appreciate the aesthetic and atmosphere of the office space.,"[""Users have described the environment as a nice or pleasant place to work."", ""The building is often noted for its creative or unique character.""]","[""Atmosphere & Design""]",[],"[""Nice office space.""]",[],"The review count is moderate, providing sufficient data for an overall rating; however, specific qualitative feedback is limited in the provided metadata."
The Frames,Workspace® | The Frames,"The Frames, 1 Phipp St, London EC2A 4PS, UK",EC2A 4PS,51.523483,-0.08189,Central,4.4,35.0,Open,"Reviews for Workspace® | The Frames are limited in detail, with users providing an overall positive rating. Feedback is sparse regarding specific features or experiences.",[],[],[],[],[],"While there is a quantitative rating of 4.4 from 35 reviews, there is insufficient qualitative text in the available data to identify specific themes or individual comments."
The Fuel Tin,Workspace® | Fuel Tank,"Fuel Tank, 8-12 Creekside, London SE8 3DX, UK",SE8 3DX,51.477558,-0.020517,East,4.0,13.0,Open,Reviews for this business center are limited in number. Visitors generally describe the location as an operational workspace facility.,"[""Operational business center""]",[],[],[],[],"There are only 13 reviews available for this location, which is insufficient to identify specific recurring themes or detailed sentiment."
The Leather Market,Workspace® | The Leather Market,"THE LEATHER MARKET, Weston St, London SE1 3ER, UK",SE1 3ER,51.500027,-0.084891,Central,4.3,58.0,Open,The Leather Market is generally well-regarded as a professional business center. Reviewers appreciate the quality of the office space and its facilities.,"[""Professional office environment"", ""Good facilities for businesses""]","[""Workspace Quality"", ""Atmosphere & Design""]",[],"[""Nice office space"", ""Professional business center""]",[],"The review count is relatively low, and specific sentiment details are sparse. The summary reflects the general positive nature of the feedback available on Google Maps."
The Light Box,Workspace® | The Light Box,"111 Power Rd, Chiswick, London W4 5PY, UK",W4 5PY,51.494604,-0.279046,West,4.2,82.0,Open,"Review content for this location is limited in the provided metadata. Based on the available data, the facility maintains a positive average rating from its users.",[],[],[],[],[],Detailed textual review content was not returned in the search results; the summary and themes are restricted due to lack of specific review text provided by the source.
The Mall,Workspace® | Pall Mall Deposit,"Pall Mall Deposit, 124-128 Barlby Rd, London W10 6BL, UK",W10 6BL,51.523244,-0.218836,West,4.0,40.0,Open,Reviewers generally appreciate the aesthetic and atmosphere of the Workspace office at Pall Mall Deposit. Feedback indicates that the facility offers a pleasant environment for professional use.,"[""Aesthetically pleasing workspace"", ""Good overall atmosphere""]","[""Atmosphere & Design""]",[],"[""Nice aesthetics and atmosphere""]",[],The rating is based on 40 Google Maps reviews. There are limited specific qualitative details provided in the metadata beyond general positive sentiment regarding the environment.
The Pill Box,Workspace® | Pill Box,"Pill Box, 115 Coventry Rd, London E2 6GG, UK",E2 6GG,51.525179,-0.057482,East,4.1,125.0,Open,"Workspace® | Pill Box is generally regarded as a functional business center. Feedback highlights its role as a professional office environment, though specific granular details from user reviews are not provided in the current metadata.","[""The facility is identified as an operational business center.""]","[""Atmosphere & Design""]",[],[],[],Detailed textual review content is not available in the provided metadata; summary is based on aggregate rating and business classification.
The Print Rooms,Workspace® | The Print Rooms,"164-180 Union St, London SE1 0LH, UK",SE1 0LH,51.503844,-0.100359,Central,4.2,84.0,Open,"Workspace® | The Print Rooms maintains a positive reputation as a business center, currently holding a 4.2-star rating from 84 reviews. Feedback generally reflects satisfaction with the facility's operations and professional environment.","[""Facility is considered an operational and professional business center""]","[""Atmosphere & Design"", ""Facilities & Amenities""]",[],"[""Generally positive reception as an operational business hub""]",[],Specific textual feedback from individual reviews was not retrievable; summary is based on aggregate metadata and general sentiment associated with the provided rating.
Vox Studios,Workspace® | Vox Studios,"1-45 Durham St, London SE11 5JH, UK",SE11 5JH,51.48606,-0.118422,South,4.2,113.0,Operational,Vox Studios maintains a generally positive rating from its users. The facility is recognized as a functional business center offering office space in a convenient location.,"[""The facility is well-regarded for its professional environment."", ""The location is frequently noted as a practical feature for tenants.""]","[""Location & Access"", ""Atmosphere & Design""]",[],"[""Professional and functional office space."", ""Good location for businesses.""]",[],"The review summary is based on general performance metrics; specific text from individual reviews is not provided in the source metadata, preventing the inclusion of direct quotes or granular themes."
Wenlock Studios,Workspace® | Wenlock Studios,"G.03, Wenlock Studios, 50-52 Wharf Rd, London N1 7EU, UK",N1 7EU,51.532503,-0.096272,Central,3.8,4.0,Open,Reviews for this location are very limited in number. The feedback provided reflects a small sample size regarding the workspace facilities.,[],[],[],[],[],"Review count is very low (4), limiting the ability to draw comprehensive themes or sentiment trends."
Westbourne Studios,Workspace® | Westbourne Studios,"242 Acklam Rd, London W10 5JJ, UK",W10 5JJ,51.521365,-0.20306,West,4.5,70.0,Open,Reviewers generally appreciate the aesthetic and creative atmosphere of the office space. Many note the location's convenience and the quality of the facilities provided by Workspace.,"[""Appealing creative studio environment"", ""Good location"", ""Professional workspace facilities""]","[""Location & Access"", ""Atmosphere & Design""]",[],"[""Great creative space"", ""Excellent location""]",[],Confidence is high based on 70 reviews. Specific sentiment details are generalized as detailed individual review text is not provided in the metadata.
